{"lat_centroides": 48.56114269750958, "lon_centroides": 2.957919826809284}