{"lat_centroides": 49.088611429110934, "lon_centroides": 2.1594163164063565}