{"lat_centroides": 49.09499974526935, "lon_centroides": 2.3811236300500194}